{"cameraMode":{"drawMode":0,"name":"Shaded","section":"Shading Mode"},"sceneLighting":true,"audioPlay":false,"sceneViewState":{"m_AlwaysRefresh":false,"showFog":true,"showSkybox":true,"showFlares":true,"showImageEffects":true,"showParticleSystems":true,"showVisualEffectGraphs":true,"m_FxEnabled":true},"in2DMode":false,"pivot":{"x":-37.470542907714847,"y":12.682977676391602,"z":-1.9924068450927735},"rotation":{"x":-0.21307481825351716,"y":-0.37316760420799258,"z":0.0884905457496643,"w":-0.8986514210700989},"size":23.360225677490236,"orthographic":false}