{"cameraMode":{"drawMode":0,"name":"Shaded","section":"Shading Mode"},"sceneLighting":false,"audioPlay":false,"sceneViewState":{"m_AlwaysRefresh":false,"showFog":true,"showSkybox":false,"showFlares":true,"showImageEffects":true,"showParticleSystems":true,"showVisualEffectGraphs":true,"m_FxEnabled":true},"in2DMode":false,"pivot":{"x":0.6158225536346436,"y":15.720536231994629,"z":7.019319534301758},"rotation":{"x":-0.0003669045108836144,"y":-0.9993672966957092,"z":-0.034182123839855197,"w":0.010783552192151547},"size":1.4662714004516602,"orthographic":false}