{"cameraMode":{"drawMode":0,"name":"Shaded","section":"Shading Mode"},"sceneLighting":false,"audioPlay":false,"sceneViewState":{"m_AlwaysRefresh":false,"showFog":true,"showSkybox":false,"showFlares":true,"showImageEffects":true,"showParticleSystems":true,"showVisualEffectGraphs":true,"m_FxEnabled":true},"in2DMode":false,"pivot":{"x":-16.817426681518556,"y":-0.1912195086479187,"z":-0.92250657081604},"rotation":{"x":0.0018050898797810078,"y":0.07193222641944885,"z":-0.0001296124974032864,"w":0.9974119663238525},"size":1.2929495573043824,"orthographic":false}