{"cameraMode":{"drawMode":0,"name":"Shaded","section":"Shading Mode"},"sceneLighting":false,"audioPlay":false,"sceneViewState":{"m_AlwaysRefresh":false,"showFog":true,"showSkybox":false,"showFlares":true,"showImageEffects":true,"showParticleSystems":true,"showVisualEffectGraphs":true,"m_FxEnabled":true},"in2DMode":false,"pivot":{"x":-0.5336546897888184,"y":15.197519302368164,"z":13.567558288574219},"rotation":{"x":0.04078397527337074,"y":-0.026981133967638017,"z":0.0011002925457432867,"w":0.9988124966621399},"size":16.966402053833009,"orthographic":false}