{"cameraMode":{"drawMode":0,"name":"Shaded","section":"Shading Mode"},"sceneLighting":false,"audioPlay":false,"sceneViewState":{"m_AlwaysRefresh":false,"showFog":true,"showSkybox":false,"showFlares":true,"showImageEffects":true,"showParticleSystems":true,"showVisualEffectGraphs":true,"m_FxEnabled":true},"in2DMode":false,"pivot":{"x":-5.0660271644592289,"y":3.9353368282318117,"z":-3.3183107376098635},"rotation":{"x":0.042684584856033328,"y":-0.495941698551178,"z":-0.024411175400018693,"w":-0.8670061230659485},"size":4.557784557342529,"orthographic":false}