{"cameraMode":{"drawMode":0,"name":"Shaded","section":"Shading Mode"},"sceneLighting":false,"audioPlay":false,"sceneViewState":{"m_AlwaysRefresh":false,"showFog":true,"showSkybox":false,"showFlares":true,"showImageEffects":true,"showParticleSystems":true,"showVisualEffectGraphs":true,"m_FxEnabled":true},"in2DMode":false,"pivot":{"x":-20.514667510986329,"y":3.5617051124572756,"z":11.089798927307129},"rotation":{"x":-0.048514772206544879,"y":-0.7391055226325989,"z":0.053537532687187198,"w":-0.6697480082511902},"size":3.5192818641662599,"orthographic":false}